company_name,contact_name,designation,phone,email,website,address,industry,source,notes
ELCOT IT,,,,,,Salem,IT / Tech,OpenStreetMap,"osm/node/10732094035 | Salem, TN"
VEE Technologies,,,,,,Salem,IT / Tech,OpenStreetMap,"osm/node/10732094036 | Salem, TN"
Live CAD Center,,,,,,Salem,IT / Tech,OpenStreetMap,"osm/node/11338662355 | Salem, TN"
IT PARK ZONE,,,,,,Salem,IT / Tech,OpenStreetMap,"osm/way/974689340 | Salem, TN"
Aravind Eye Hospital,,,,,,"Salem, 636002",Pharma / Healthcare,OpenStreetMap,"osm/node/4302899802 | Salem, TN"
Vijaya hospital,,,,,,"Salem, 636007",Pharma / Healthcare,OpenStreetMap,"osm/node/4302953997 | Salem, TN"
S K S Hospital India Pvt Ltd,,,,,,"Salem, 636004",Pharma / Healthcare,OpenStreetMap,"osm/node/4305411590 | Salem, TN"
"St.Marys Hospital, Salem",,,,,,"Salem, 636009",Pharma / Healthcare,OpenStreetMap,"osm/node/4305436890 | Salem, TN"
Kamala Hospital,,,,,,"Salem, 636001",Pharma / Healthcare,OpenStreetMap,"osm/node/4305461792 | Salem, TN"
"Vasan Eye Care Hospital, Salem",,,,,,"Salem, 636004",Pharma / Healthcare,OpenStreetMap,"osm/node/4305484390 | Salem, TN"
"Kiruba Hospital, Salem",,,,,,"Salem, 636007",Pharma / Healthcare,OpenStreetMap,"osm/node/4305484395 | Salem, TN"
S Palaniandi Mudaliar Memorial Hospital,,,,,,"Salem, 636003",Pharma / Healthcare,OpenStreetMap,"osm/node/4305485194 | Salem, TN"
Gopi Memorial Hospital,,,,,,Salem,Pharma / Healthcare,OpenStreetMap,"osm/node/4306892896 | Salem, TN"
Manipal Hospital,,,,,,Salem,Pharma / Healthcare,OpenStreetMap,"osm/node/4416232390 | Salem, TN"
Rps Hospital,,,,,,"Salem, 636201",Pharma / Healthcare,OpenStreetMap,"osm/node/4516488490 | Salem, TN"
Krishna Hospital,,,,,,Salem,Pharma / Healthcare,OpenStreetMap,"osm/node/4516539598 | Salem, TN"
Southern Hospital,,,,,,Salem,Pharma / Healthcare,OpenStreetMap,"osm/node/4517325191 | Salem, TN"
Universal Hospital,,,,,,Salem,Pharma / Healthcare,OpenStreetMap,"osm/node/4534034391 | Salem, TN"
Vinayaka mission Kirubananadah variyar medical college hospital,,,,,,Salem,Pharma / Healthcare,OpenStreetMap,"osm/node/4774253423 | Salem, TN"
Vinayaga hospital  seeragapadi,,,,,,Salem,Pharma / Healthcare,OpenStreetMap,"osm/node/5238962721 | Salem, TN"
AP medical center,,,,,,Salem,Pharma / Healthcare,OpenStreetMap,"osm/node/6743577988 | Salem, TN"
Sri Gokulam Hospital Pvt Ltd,,,,,,"Salem, 636004",Pharma / Healthcare,OpenStreetMap,"osm/node/6914764665 | Salem, TN"
"Vijaya Hospital, Salem",,,,,,"Salem, 636007",Pharma / Healthcare,OpenStreetMap,"osm/node/6914880516 | Salem, TN"
Chellam Hospital,,,,,,"Salem, 636007",Pharma / Healthcare,OpenStreetMap,"osm/node/6914880533 | Salem, TN"
Mohanraj ChildrenS Hospital,,,,,,"Salem, 636001",Pharma / Healthcare,OpenStreetMap,"osm/node/6914880569 | Salem, TN"
"R.K. Hospital, Salem",,,,,,"Salem, 636004",Pharma / Healthcare,OpenStreetMap,"osm/node/6914896198 | Salem, TN"
"Pushpam Hospital, Dharmapuri",,,,,,"Salem, 636001",Pharma / Healthcare,OpenStreetMap,"osm/node/6914896254 | Salem, TN"
Prn Critical Care Centre And Hospitals,,,,,,"Salem, 636007",Pharma / Healthcare,OpenStreetMap,"osm/node/6914896270 | Salem, TN"
Sri Ragavendhra Neuro Care Pvt. Ltd.,,,,,,"Salem, 636009",Pharma / Healthcare,OpenStreetMap,"osm/node/6914910280 | Salem, TN"
Sree Vasantham Hospital,,,,,,"Salem, 636006",Pharma / Healthcare,OpenStreetMap,"osm/node/6915195849 | Salem, TN"
Aishwaryam Nature Cure Hospital and Yoga Centre,,,,,,"Salem, 636004",Pharma / Healthcare,OpenStreetMap,"osm/node/6915421475 | Salem, TN"
Global Medical Center,,,,,,"Salem, 636302",Pharma / Healthcare,OpenStreetMap,"osm/node/6926069002 | Salem, TN"
G V Jayam Hospital,,,,,,"Salem, 636001",Pharma / Healthcare,OpenStreetMap,"osm/node/6926494062 | Salem, TN"
Gl Hospital,,,,,,"Salem, 636004",Pharma / Healthcare,OpenStreetMap,"osm/node/6928277851 | Salem, TN"
"Vidya Hospital, Salem",,,,,,"Salem, 636007",Pharma / Healthcare,OpenStreetMap,"osm/node/6928469157 | Salem, TN"
Nithish Ge And Multi Speciality Hospital,,,,,,"Salem, 636007",Pharma / Healthcare,OpenStreetMap,"osm/node/6928858576 | Salem, TN"
Dr. Soodamani Hospital,,,,,,"Salem, 636016",Pharma / Healthcare,OpenStreetMap,"osm/node/6928899359 | Salem, TN"
"Bharathi Hospital, Salem",,,,,,"Salem, 637001",Pharma / Healthcare,OpenStreetMap,"osm/node/6929372897 | Salem, TN"
Thayammal Hospitals,,,,,,"Salem, 636010",Pharma / Healthcare,OpenStreetMap,"osm/node/6930080460 | Salem, TN"
Rishi Nethralaya,,,,,,"Salem, 636007",Pharma / Healthcare,OpenStreetMap,"osm/node/6931858186 | Salem, TN"
"J S Hospital, Dharmapuri",,,,,,"Salem, 636001",Pharma / Healthcare,OpenStreetMap,"osm/node/6933038501 | Salem, TN"
Dharan Hospital,,,,,,"Salem, 636201",Pharma / Healthcare,OpenStreetMap,"osm/node/6933126167 | Salem, TN"
Pks Hospital,,,,,,"Salem, 636001",Pharma / Healthcare,OpenStreetMap,"osm/node/6933137208 | Salem, TN"
"Kurinji Hospital, Salem",,,,,,"Salem, 636016",Pharma / Healthcare,OpenStreetMap,"osm/node/6933523233 | Salem, TN"
Satya Sai Ent Head and Neck Hospital,,,,,,"Salem, 636007",Pharma / Healthcare,OpenStreetMap,"osm/node/6933727443 | Salem, TN"
Vinayaka Misson Hospital,,,,,,"Salem, 636308",Pharma / Healthcare,OpenStreetMap,"osm/node/6933840828 | Salem, TN"
Sarvana Hospital Pvt. Ltd.,,,,,,"Salem, 636001",Pharma / Healthcare,OpenStreetMap,"osm/node/6933876607 | Salem, TN"
"Vasan Eye Care Hospital, Gugai",,,,,,"Salem, 636006",Pharma / Healthcare,OpenStreetMap,"osm/node/6934018854 | Salem, TN"
Sisu Hospital Inida Ltd,,,,,,"Salem, 636005",Pharma / Healthcare,OpenStreetMap,"osm/node/6934129082 | Salem, TN"
A.G.P Hospital,,,,,,"Salem, 636007",Pharma / Healthcare,OpenStreetMap,"osm/node/6934264318 | Salem, TN"
M G Diabetes Speciality and Research Centre,,,,,,"Salem, 636004",Pharma / Healthcare,OpenStreetMap,"osm/node/6934271116 | Salem, TN"
"Lotus Eye Care Hospital, Salem",,,,,,"Salem, 636007",Pharma / Healthcare,OpenStreetMap,"osm/node/6934271121 | Salem, TN"
London Ortho Speciality Hospital,,,,,,"Salem, 636009",Pharma / Healthcare,OpenStreetMap,"osm/node/6934271135 | Salem, TN"
Nathan Super Speciality Hospital,,,,,,"Salem, 636004",Pharma / Healthcare,OpenStreetMap,"osm/node/6934340617 | Salem, TN"
Neomed Hospital,,,,,,"Salem, 636007",Pharma / Healthcare,OpenStreetMap,"osm/node/6934340633 | Salem, TN"
Ac Hospitals,,,,,,"Salem, 636001",Pharma / Healthcare,OpenStreetMap,"osm/node/6934419910 | Salem, TN"
Shanmuga Hospital and Salem Cancer Institute,,,,,,"Salem, 636007",Pharma / Healthcare,OpenStreetMap,"osm/node/6934685067 | Salem, TN"
Rajammal Hospital,,,,,,"Salem, 636003",Pharma / Healthcare,OpenStreetMap,"osm/node/6934706904 | Salem, TN"
"Lakshmi Hospital, Salem",,,,,,"Salem, 636006",Pharma / Healthcare,OpenStreetMap,"osm/node/6934880425 | Salem, TN"
Pranav Hospitals Pvt Ltd,,,,,,"Salem, 636004",Pharma / Healthcare,OpenStreetMap,"osm/node/6934958833 | Salem, TN"
Rajaam Hospital,,,,,,"Salem, 636012",Pharma / Healthcare,OpenStreetMap,"osm/node/6935224410 | Salem, TN"
Tms Eye Hospital,,,,,,"Salem, 636007",Pharma / Healthcare,OpenStreetMap,"osm/node/6935249004 | Salem, TN"
C.K.R. Hospital,,,,,,"Salem, 636007",Pharma / Healthcare,OpenStreetMap,"osm/node/6935272553 | Salem, TN"
"Arokya Hospital, Pallapatty",,,,,,"Salem, 636009",Pharma / Healthcare,OpenStreetMap,"osm/node/6936189307 | Salem, TN"
Salem Gopi Hospitals,,,,,,"Salem, 636007",Pharma / Healthcare,OpenStreetMap,"osm/node/6936245992 | Salem, TN"
Appusami Hospital,,,,,,"Salem, 636007",Pharma / Healthcare,OpenStreetMap,"osm/node/6936305687 | Salem, TN"
"Dr Agarwal Vasns Eye Hospital, Salem",,,,,,"Salem, 636004",Pharma / Healthcare,OpenStreetMap,"osm/node/6936346133 | Salem, TN"
Dr Sudhakar Ent Care Centre,,,,,,"Salem, 636004",Pharma / Healthcare,OpenStreetMap,"osm/node/6936359687 | Salem, TN"
Bhavani Hospital,,,,,,"Salem, 636004",Pharma / Healthcare,OpenStreetMap,"osm/node/6936421216 | Salem, TN"
Kerrison Memorial Hospital,,,,,,"Salem, 636007",Pharma / Healthcare,OpenStreetMap,"osm/node/6936447984 | Salem, TN"
Vinayaka Mission’s Kirupananda Variyar Medical College,,,+91 427 3500803,dean.vmkvmc@vmu.edu.in,http://www.vmkvmc.edu.in/,"Salem, 636308",Pharma / Healthcare,OpenStreetMap,"osm/node/6936695148 | Salem, TN"
Ayyappa Hospital,,,,,,"Salem, 636002",Pharma / Healthcare,OpenStreetMap,"osm/node/6936708021 | Salem, TN"
"Siva Hospital, Salem",,,,,,"Salem, 636003",Pharma / Healthcare,OpenStreetMap,"osm/node/6936709039 | Salem, TN"
Pp Hospital,,,,,,"Salem, 636006",Pharma / Healthcare,OpenStreetMap,"osm/node/6936709061 | Salem, TN"
Aishwarya Hospital,,,,,,"Salem, 636007",Pharma / Healthcare,OpenStreetMap,"osm/node/6937037750 | Salem, TN"
Devi Hospital,,,,,,"Salem, 636016",Pharma / Healthcare,OpenStreetMap,"osm/node/6937307978 | Salem, TN"
Surya Sugalaya hospital,,,,,,Salem,Pharma / Healthcare,OpenStreetMap,"osm/node/6961359222 | Salem, TN"
Jaaidev Hospital,,,,,,Salem,Pharma / Healthcare,OpenStreetMap,"osm/node/7169887393 | Salem, TN"
G.V.K. Hospital,,,,,,"Salem, 636006",Pharma / Healthcare,OpenStreetMap,"osm/node/7181635497 | Salem, TN"
Sri Gokulam Speciality Hospital,,,,,,"Salem, 636004",Pharma / Healthcare,OpenStreetMap,"osm/node/7210884237 | Salem, TN"
S S Medical Centre,,,,,,"Salem, 636004",Pharma / Healthcare,OpenStreetMap,"osm/node/7210948167 | Salem, TN"
Salem Government Hospital,,,,,,"Salem, 636002",Pharma / Healthcare,OpenStreetMap,"osm/node/7262918794 | Salem, TN"
Guru Women And Children Hospital,,,,,,"Salem, 636001",Pharma / Healthcare,OpenStreetMap,"osm/node/7262919356 | Salem, TN"
AVM Hospital,,,,,,"Salem, 636010",Pharma / Healthcare,OpenStreetMap,"osm/node/7262919380 | Salem, TN"
Vanitha Hospital,,,,,,"Salem, 636010",Pharma / Healthcare,OpenStreetMap,"osm/node/7262919406 | Salem, TN"
"Government Hospital, Panamarathupatti",,,,,,"Salem, 636201",Pharma / Healthcare,OpenStreetMap,"osm/node/7262919457 | Salem, TN"
Priyam Speciality Hospital,,,,,,"Salem, 636010",Pharma / Healthcare,OpenStreetMap,"osm/node/7262919467 | Salem, TN"
Nalam Hospital,,,,,,"Salem, 636009",Pharma / Healthcare,OpenStreetMap,"osm/node/7262945612 | Salem, TN"
K.N. Nataraj Hospital,,,,,,"Salem, 636001",Pharma / Healthcare,OpenStreetMap,"osm/node/7262945615 | Salem, TN"
"Government Hospital, Hasthampatti",,,,,,"Salem, 636007",Pharma / Healthcare,OpenStreetMap,"osm/node/7262945617 | Salem, TN"
M.J. Hospital,,,,,,"Salem, 636005",Pharma / Healthcare,OpenStreetMap,"osm/node/7262945620 | Salem, TN"
Ponnammapettai PHC,,,,,,"Salem, 636003",Pharma / Healthcare,OpenStreetMap,"osm/node/7262945628 | Salem, TN"
"ESI Hospital, Salem",,,,,,"Salem, 636302",Pharma / Healthcare,OpenStreetMap,"osm/node/7262945630 | Salem, TN"
Anna Hospital,,,,,,"Salem, 636003",Pharma / Healthcare,OpenStreetMap,"osm/node/7262945631 | Salem, TN"
Selvi Hospital,,,,,,"Salem, 636001",Pharma / Healthcare,OpenStreetMap,"osm/node/7262945633 | Salem, TN"
Ganesan Nursing Hospital,,,,,,"Salem, 636007",Pharma / Healthcare,OpenStreetMap,"osm/node/7262945636 | Salem, TN"
Global Medical Centre Jagirammapalayam,,,,,,"Salem, 636302",Pharma / Healthcare,OpenStreetMap,"osm/node/7262945638 | Salem, TN"
Salem Medical Centre,,,,,,"Salem, 636007",Pharma / Healthcare,OpenStreetMap,"osm/node/7262945640 | Salem, TN"
"Government Hospital For Pregnancy, Ammapet",,,,,,"Salem, 636003",Pharma / Healthcare,OpenStreetMap,"osm/node/7262945641 | Salem, TN"
Shri Suraksha Speciality Medical Centre,,,,,,"Salem, 636001",Pharma / Healthcare,OpenStreetMap,"osm/node/7262945644 | Salem, TN"
Dr.Thiru Neuro Multi Speciality,,,,,,"Salem, 636014",Pharma / Healthcare,OpenStreetMap,"osm/node/7262945645 | Salem, TN"
Dr. Nalini Sridhar Hospital,,,,,,"Salem, 636001",Pharma / Healthcare,OpenStreetMap,"osm/node/7262945649 | Salem, TN"
Sri Sellappa Hospital,,,,,,"Salem, 636007",Pharma / Healthcare,OpenStreetMap,"osm/node/7262945651 | Salem, TN"
SIMS Chellum Hospital,,,,,,"Salem, 636007",Pharma / Healthcare,OpenStreetMap,"osm/node/7262945653 | Salem, TN"
Sharon Cancer Center and General Hospital,,,,,,"Salem, 636008",Pharma / Healthcare,OpenStreetMap,"osm/node/7265222572 | Salem, TN"
Sri Hari Hospital,,,,,,"Salem, 636455",Pharma / Healthcare,OpenStreetMap,"osm/node/7265222599 | Salem, TN"
Valaisayur PHC,,,,,,"Salem, 636122",Pharma / Healthcare,OpenStreetMap,"osm/node/7265222600 | Salem, TN"
RSP Siddha and Varma Hospital,,,,,,"Salem, 636016",Pharma / Healthcare,OpenStreetMap,"osm/node/7840770065 | Salem, TN"
Krishna Fertility and Laparoscopy Hospital,,,,,,"Salem, 636009",Pharma / Healthcare,OpenStreetMap,"osm/node/7840770066 | Salem, TN"
Dr. Latha's Hospital,,,,,,"Salem, 636001",Pharma / Healthcare,OpenStreetMap,"osm/node/7840770067 | Salem, TN"
Thamilchelvi Hospital,,,,,,"Salem, 636001",Pharma / Healthcare,OpenStreetMap,"osm/node/7840770068 | Salem, TN"
Venkatesh Hospital and Urology Centre,,,,,,"Salem, 636004",Pharma / Healthcare,OpenStreetMap,"osm/node/7840770069 | Salem, TN"
Dr. Ramu Life Care Hospital,,,,,,"Salem, 636001",Pharma / Healthcare,OpenStreetMap,"osm/node/7840770070 | Salem, TN"
Fairlands Eye Cure,,,,,,"Salem, 636016",Pharma / Healthcare,OpenStreetMap,"osm/node/7840770072 | Salem, TN"
Malar Maternity Hospital & Arul Eye Care,,,,,,"Salem, 636007",Pharma / Healthcare,OpenStreetMap,"osm/node/7840770073 | Salem, TN"
Dr. Agarwal Vasans Eye Hospital,,,,,,"Salem, 636016",Pharma / Healthcare,OpenStreetMap,"osm/node/7840770075 | Salem, TN"
Dr. P. Sundarrajan Neuro Hospital,,,,,,"Salem, 636007",Pharma / Healthcare,OpenStreetMap,"osm/node/7840770076 | Salem, TN"
Mahadevas Ayurvedic Hospital,,,,,,"Salem, 636007",Pharma / Healthcare,OpenStreetMap,"osm/node/7840770078 | Salem, TN"
KS Siddha & Varma Hospital,,,,,,"Salem, 636009",Pharma / Healthcare,OpenStreetMap,"osm/node/7840770080 | Salem, TN"
Andandhammal Hospital,,,,,,"Salem, 636007",Pharma / Healthcare,OpenStreetMap,"osm/node/7840770083 | Salem, TN"
Vignesh Hospital,,,,,,"Salem, 636001",Pharma / Healthcare,OpenStreetMap,"osm/node/7840770086 | Salem, TN"
Kattabomma Hospital,,,,,,"Salem, 636005",Pharma / Healthcare,OpenStreetMap,"osm/node/7840770090 | Salem, TN"
Pramilagurunathan Hospital,,,,,,"Salem, 636009",Pharma / Healthcare,OpenStreetMap,"osm/node/7840770091 | Salem, TN"
Konlampatty Enocall Hospital,,,,,,"Salem, 636009",Pharma / Healthcare,OpenStreetMap,"osm/node/7840770093 | Salem, TN"
Ramalingam Hospital,,,,,,"Salem, 636004",Pharma / Healthcare,OpenStreetMap,"osm/node/7840770095 | Salem, TN"
S.P.S. Hospital,,,,,,"Salem, 636007",Pharma / Healthcare,OpenStreetMap,"osm/node/7840770096 | Salem, TN"
Ammani Multi Speciality Hospital,,,,,,"Salem, 636007",Pharma / Healthcare,OpenStreetMap,"osm/node/7840770098 | Salem, TN"
Kavin Eniyan Hospital,,,,,,"Salem, 636004",Pharma / Healthcare,OpenStreetMap,"osm/node/7840770100 | Salem, TN"
Saravana E.N.T Hospital,,,,,,"Salem, 636004",Pharma / Healthcare,OpenStreetMap,"osm/node/7840770101 | Salem, TN"
KS Siddha Hospital,,,,,,"Salem, 636007",Pharma / Healthcare,OpenStreetMap,"osm/node/7840770104 | Salem, TN"
Shreevarma Ayurveda & Siddha Hospital,,,,,,"Salem, 636007",Pharma / Healthcare,OpenStreetMap,"osm/node/7840770105 | Salem, TN"
Sudha Hospital,,,,,,"Salem, 636004",Pharma / Healthcare,OpenStreetMap,"osm/node/7840770106 | Salem, TN"
Dr. S. Rajendran Children Hospital,,,,,,"Salem, 636004",Pharma / Healthcare,OpenStreetMap,"osm/node/7840770107 | Salem, TN"
Eka Hospital,,,,,,"Salem, 636016",Pharma / Healthcare,OpenStreetMap,"osm/node/7840770108 | Salem, TN"
Annapoorna Hospital,,,,,,"Salem, 636006",Pharma / Healthcare,OpenStreetMap,"osm/node/7840770109 | Salem, TN"
Vaniyambadi Unani Hospital,,,,,,"Salem, 636001",Pharma / Healthcare,OpenStreetMap,"osm/node/7840770110 | Salem, TN"
Life Care Hospital,,,,,,"Salem, 636006",Pharma / Healthcare,OpenStreetMap,"osm/node/7840770111 | Salem, TN"
Ak Hospital,,,,,,"Salem, 636007",Pharma / Healthcare,OpenStreetMap,"osm/node/7840770113 | Salem, TN"
NS Hospital,,,,,,"Salem, 636001",Pharma / Healthcare,OpenStreetMap,"osm/node/7840770115 | Salem, TN"
Neuro Foundation,,,,,,"Salem, 636009",Pharma / Healthcare,OpenStreetMap,"osm/node/7840770118 | Salem, TN"
Neelambaal Hospital,,,,,,"Salem, 636001",Pharma / Healthcare,OpenStreetMap,"osm/node/7840770119 | Salem, TN"
Shree Varma Ayurveda Hospital,,,,,,"Salem, 636002",Pharma / Healthcare,OpenStreetMap,"osm/node/7840770120 | Salem, TN"
Sureka Hospital,,,,,,"Salem, 636007",Pharma / Healthcare,OpenStreetMap,"osm/node/7840770121 | Salem, TN"
Sukumar Hospital,,,,,,"Salem, 636009",Pharma / Healthcare,OpenStreetMap,"osm/node/7840770127 | Salem, TN"
Janani Sree Eye Hospital,,,,,,"Salem, 636006",Pharma / Healthcare,OpenStreetMap,"osm/node/7840770128 | Salem, TN"
Revathi Hospital,,,,,,"Salem, 636007",Pharma / Healthcare,OpenStreetMap,"osm/node/7840770129 | Salem, TN"
Anbu Hospital,,,,,,"Salem, 636006",Pharma / Healthcare,OpenStreetMap,"osm/node/7840770130 | Salem, TN"
S.K.S. Hospital,,,,,,"Salem, 636014",Pharma / Healthcare,OpenStreetMap,"osm/node/7840770131 | Salem, TN"
Balaji Skin Hospital,,,,,,"Salem, 636006",Pharma / Healthcare,OpenStreetMap,"osm/node/7840770132 | Salem, TN"
Obuli Hospital,,,,,,"Salem, 636007",Pharma / Healthcare,OpenStreetMap,"osm/node/7840770133 | Salem, TN"
Lavanya Hospital,,,,,,"Salem, 636005",Pharma / Healthcare,OpenStreetMap,"osm/node/7840770136 | Salem, TN"
Ramana Surgical Hospital,,,,,,"Salem, 636007",Pharma / Healthcare,OpenStreetMap,"osm/node/7840770139 | Salem, TN"
RJR Hospital,,,,,,"Salem, 636016",Pharma / Healthcare,OpenStreetMap,"osm/node/7840770140 | Salem, TN"
Sri Vaari Hospital,,,,,,"Salem, 636016",Pharma / Healthcare,OpenStreetMap,"osm/node/7840770141 | Salem, TN"
KSB Speciality Hospital,,,,,,"Salem, 636001",Pharma / Healthcare,OpenStreetMap,"osm/node/7840770142 | Salem, TN"
Sri Vaari Raja Sidha Hospital,,,,,,"Salem, 636009",Pharma / Healthcare,OpenStreetMap,"osm/node/7840770143 | Salem, TN"
Pathanjali Ayurvedha Hospital,,,,,,"Salem, 636004",Pharma / Healthcare,OpenStreetMap,"osm/node/7840770144 | Salem, TN"
Manipal Fertility Hospital,,,,,,"Salem, 636007",Pharma / Healthcare,OpenStreetMap,"osm/node/7840770145 | Salem, TN"
Corporation Maternity Hospital,,,,,,"Salem, 636001",Pharma / Healthcare,OpenStreetMap,"osm/node/7840770147 | Salem, TN"
Ark Hospital,,,,,,"Salem, 636004",Pharma / Healthcare,OpenStreetMap,"osm/node/7840770148 | Salem, TN"
Krishna Speciality Hospital,,,,,,"Salem, 636016",Pharma / Healthcare,OpenStreetMap,"osm/node/7840770150 | Salem, TN"
Rainbow Hospital,,,,,,"Salem, 636016",Pharma / Healthcare,OpenStreetMap,"osm/node/7840770151 | Salem, TN"
Dr. Sasi Eye Care,,,,,,"Salem, 636016",Pharma / Healthcare,OpenStreetMap,"osm/node/7840770153 | Salem, TN"
Janani Medical Centre Hospital,,,,,,"Salem, 636030",Pharma / Healthcare,OpenStreetMap,"osm/node/7840837196 | Salem, TN"
GV Jayam Hospital,,,,,,"Salem, 636003",Pharma / Healthcare,OpenStreetMap,"osm/node/7840837200 | Salem, TN"
Universal Cancer Hospital,,,,,,"Salem, 636010",Pharma / Healthcare,OpenStreetMap,"osm/node/7840837204 | Salem, TN"
Lakshmi Hospital,,,,,,"Salem, 636003",Pharma / Healthcare,OpenStreetMap,"osm/node/7840837211 | Salem, TN"
Kiran Diabetic Hospital,,,,,,"Salem, 636008",Pharma / Healthcare,OpenStreetMap,"osm/node/7840837218 | Salem, TN"
Dr. Malathi Anbalaya Hospital,,,,,,"Salem, 636003",Pharma / Healthcare,OpenStreetMap,"osm/node/7840837224 | Salem, TN"
Akitha Hospital,,,,,,"Salem, 636201",Pharma / Healthcare,OpenStreetMap,"osm/node/7840837227 | Salem, TN"
Sugumar Hospital,,,,,,"Salem, 636455",Pharma / Healthcare,OpenStreetMap,"osm/node/7840837229 | Salem, TN"
C.M. Hospital,,,,,,"Salem, 636005",Pharma / Healthcare,OpenStreetMap,"osm/node/7840837231 | Salem, TN"
Dr.Jairaman Homeopathy Hospital,,,,,,"Salem, 636006",Pharma / Healthcare,OpenStreetMap,"osm/node/7840837238 | Salem, TN"
Malar Hospital,,,,,,"Salem, 636008",Pharma / Healthcare,OpenStreetMap,"osm/node/7840837245 | Salem, TN"
Deepam Speciality Hospital,,,,,,"Salem, 636201",Pharma / Healthcare,OpenStreetMap,"osm/node/7840837252 | Salem, TN"
Vinayaka Mission's Homeopathic Medical College & Hospital,,,,,,"Salem, 636308",Pharma / Healthcare,OpenStreetMap,"osm/node/7840837264 | Salem, TN"
Udhayam Hospital,,,,,,"Salem, 636006",Pharma / Healthcare,OpenStreetMap,"osm/node/7840837265 | Salem, TN"
Bioline laboratory,,,,,,Salem,Pharma / Healthcare,OpenStreetMap,"osm/node/8146111817 | Salem, TN"
Manima Clinic,,,,,,Salem,Pharma / Healthcare,OpenStreetMap,"osm/node/8170165710 | Salem, TN"
Chinnanur Primary Health Center,,,,,,Salem,Pharma / Healthcare,OpenStreetMap,"osm/node/10750043496 | Salem, TN"
Primary Health Center,,,,,,Salem,Pharma / Healthcare,OpenStreetMap,"osm/node/10750043497 | Salem, TN"
M. Thathanur Primary Health Center,,,,,,Salem,Pharma / Healthcare,OpenStreetMap,"osm/node/11338259914 | Salem, TN"
vims,,,,,,Salem,Pharma / Healthcare,OpenStreetMap,"osm/way/242954798 | Salem, TN"
Nagarajan Nursing Home,,,,,,"Salem, 636007",Pharma / Healthcare,OpenStreetMap,"osm/node/6914917469 | Salem, TN"
Abhi Eye Hospital,,,,,,"Salem, 636102",Pharma / Healthcare,OpenStreetMap,"osm/node/6926089519 | Salem, TN"
Saraswathi Nursing Home,,,,,,"Salem, 636007",Pharma / Healthcare,OpenStreetMap,"osm/node/6928788533 | Salem, TN"
Arunagiri Ent Nursing Home,,,,,,"Salem, 636016",Pharma / Healthcare,OpenStreetMap,"osm/node/6932173906 | Salem, TN"
Ramadas Nursing Home,,,,,,"Salem, 636006",Pharma / Healthcare,OpenStreetMap,"osm/node/6932294048 | Salem, TN"
Shankar Nursing Home,,,,,,"Salem, 636007",Pharma / Healthcare,OpenStreetMap,"osm/node/6933999000 | Salem, TN"
Shri Bharthi Nursing Home,,,,,,"Salem, 636002",Pharma / Healthcare,OpenStreetMap,"osm/node/6934383548 | Salem, TN"
"Shanti Nursing Home, Salem",,,,,,"Salem, 636006",Pharma / Healthcare,OpenStreetMap,"osm/node/6934640336 | Salem, TN"
Soundararajan Nursing Home,,,,,,"Salem, 636006",Pharma / Healthcare,OpenStreetMap,"osm/node/6936708990 | Salem, TN"
Udaya Nursing Home,,,,,,"Salem, 636015",Pharma / Healthcare,OpenStreetMap,"osm/node/7262919360 | Salem, TN"
Santhi Nursing Home,,,,,,"Salem, 636006",Pharma / Healthcare,OpenStreetMap,"osm/node/7262945616 | Salem, TN"
Saradhas Nursing Home,,,,,,"Salem, 636003",Pharma / Healthcare,OpenStreetMap,"osm/node/7262945626 | Salem, TN"
Salem Poly Clinic,,,,,,"Salem, 636004",Pharma / Healthcare,OpenStreetMap,"osm/node/7262945637 | Salem, TN"
Ruthramoorthy Polyclinic,,,,,,"Salem, 636007",Pharma / Healthcare,OpenStreetMap,"osm/node/7262945639 | Salem, TN"
"Sai Ram Ivf & Infertility Centre And Clinic, Salem",,,,,,"Salem, 636001",Pharma / Healthcare,OpenStreetMap,"osm/node/7262945643 | Salem, TN"
R.R. Nursing Home,,,,,,"Salem, 636455",Pharma / Healthcare,OpenStreetMap,"osm/node/7265222586 | Salem, TN"
Sugam Homoeo Clinic,,,,,,"Salem, 636007",Pharma / Healthcare,OpenStreetMap,"osm/node/7840770082 | Salem, TN"
Ayush Care Siddha Centre,,,,,,"Salem, 636005",Pharma / Healthcare,OpenStreetMap,"osm/node/7840770084 | Salem, TN"
Dr. Kanaks Skin Hair & Cosmetology Clinic,,,,,,"Salem, 636004",Pharma / Healthcare,OpenStreetMap,"osm/node/7840770085 | Salem, TN"
Amutha Physiotherapy Clinic,,,,,,"Salem, 636007",Pharma / Healthcare,OpenStreetMap,"osm/node/7840770087 | Salem, TN"
Omega Clinic,,,,,,"Salem, 636007",Pharma / Healthcare,OpenStreetMap,"osm/node/7840770089 | Salem, TN"
Aravind Vision Centre,,,,,,"Salem, 636007",Pharma / Healthcare,OpenStreetMap,"osm/node/7840770092 | Salem, TN"
Dr. S. S. Meera Vasudevan Clinic,,,,,,"Salem, 636009",Pharma / Healthcare,OpenStreetMap,"osm/node/7840770094 | Salem, TN"
Salem Heart Clinic,,,,,,"Salem, 636007",Pharma / Healthcare,OpenStreetMap,"osm/node/7840770097 | Salem, TN"
Akshaya Fertility Centre,,,,,,"Salem, 636007",Pharma / Healthcare,OpenStreetMap,"osm/node/7840770099 | Salem, TN"
Radhai Speciality Clinics,,,,,,"Salem, 636007",Pharma / Healthcare,OpenStreetMap,"osm/node/7840770102 | Salem, TN"
Ayush Multispeciality Homoeopathic Clinic,,,,,,"Salem, 636004",Pharma / Healthcare,OpenStreetMap,"osm/node/7840770112 | Salem, TN"
Dr. Rajenderan Child Clinic,,,,,,"Salem, 636007",Pharma / Healthcare,OpenStreetMap,"osm/node/7840770114 | Salem, TN"
Sri Balaji Clinic,,,,,,"Salem, 636006",Pharma / Healthcare,OpenStreetMap,"osm/node/7840770117 | Salem, TN"
ECHS Polyclinic,,,,,,"Salem, 636007",Pharma / Healthcare,OpenStreetMap,"osm/node/7840770122 | Salem, TN"
Srimaya Child Health Centre,,,,,,"Salem, 636004",Pharma / Healthcare,OpenStreetMap,"osm/node/7840770123 | Salem, TN"
Homeopathy Clinic,,,,,,"Salem, 636004",Pharma / Healthcare,OpenStreetMap,"osm/node/7840770124 | Salem, TN"
Ravi Eye Clinic,,,,,,"Salem, 636006",Pharma / Healthcare,OpenStreetMap,"osm/node/7840770125 | Salem, TN"
K.S. Siddha & Varma Clinic,,,,,,"Salem, 636009",Pharma / Healthcare,OpenStreetMap,"osm/node/7840770126 | Salem, TN"
Sri Dhanvanthari Siddha Clinic,,,,,,"Salem, 636007",Pharma / Healthcare,OpenStreetMap,"osm/node/7840770134 | Salem, TN"
Bismillah Piles Clinic,,,,,,"Salem, 636005",Pharma / Healthcare,OpenStreetMap,"osm/node/7840770135 | Salem, TN"
Salem Child Care Centre,,,,,,"Salem, 636004",Pharma / Healthcare,OpenStreetMap,"osm/node/7840770137 | Salem, TN"
Kathirveel Orthopeadic Hospital,,,,,,"Salem, 636009",Pharma / Healthcare,OpenStreetMap,"osm/node/7840770138 | Salem, TN"
JH Cardiac Centre,,,,,,"Salem, 636004",Pharma / Healthcare,OpenStreetMap,"osm/node/7840770152 | Salem, TN"
Salem Care Foundation,,,,,,"Salem, 636002",Pharma / Healthcare,OpenStreetMap,"osm/node/7840837243 | Salem, TN"
Sindhu Eye Care Centre,,,,,,"Salem, 636007",Pharma / Healthcare,OpenStreetMap,"osm/node/7840837253 | Salem, TN"
Burn Standard,,,,,,Salem,Manufacturing / Textile,OpenStreetMap,"osm/way/31879542 | Salem, TN"
Dalmia,,,,,,Salem,Manufacturing / Textile,OpenStreetMap,"osm/way/31999828 | Salem, TN"
Salem Steel Plant,,,,,,Salem,Manufacturing / Textile,OpenStreetMap,"osm/way/104170107 | Salem, TN"
Narasus,,,,,,Salem,Manufacturing / Textile,OpenStreetMap,"osm/way/906386146 | Salem, TN"
Industrial Estate,,,,,,Salem,Manufacturing / Textile,OpenStreetMap,"osm/way/1153956114 | Salem, TN"
TNSTC Depot - Salem,,,,,,Salem,Manufacturing / Textile,OpenStreetMap,"osm/way/1228476362 | Salem, TN"
TNSTC Salem Depot,,,,,,Salem,Manufacturing / Textile,OpenStreetMap,"osm/way/1229915755 | Salem, TN"
Fathima Rice Mill,,,,,,Salem,Manufacturing / Textile,OpenStreetMap,"osm/way/1229905062 | Salem, TN"
State Bank of India,,,,,,Salem,BFSI,OpenStreetMap,"osm/node/4299406993 | Salem, TN"
Indian Bank,,,,,https://www.indianbank.in/,Salem,BFSI,OpenStreetMap,"osm/node/4299420391 | Salem, TN"
Salem District Central Co-op Bank,,,,,,"Cherry Road, Salem, 636001",BFSI,OpenStreetMap,"osm/node/4299433689 | Salem, TN"
HDFC Bank,,,,,,Salem,BFSI,OpenStreetMap,"osm/node/4302997097 | Salem, TN"
Indian Overseas Bank,,,,,,Salem,BFSI,OpenStreetMap,"osm/node/4435087114 | Salem, TN"
Oriental Bank of Commerce ATM,,,,,,Salem,BFSI,OpenStreetMap,"osm/node/4435087116 | Salem, TN"
atm,,,,,,Salem,BFSI,OpenStreetMap,"osm/node/4435087119 | Salem, TN"
Union Bank of India,,,,,,Salem,BFSI,OpenStreetMap,"osm/node/4516539596 | Salem, TN"
Canara Bank,,,,,https://www.canarabank.com/,Salem,BFSI,OpenStreetMap,"osm/node/4750822173 | Salem, TN"
IndusInd Bank,,,,,,Salem,BFSI,OpenStreetMap,"osm/node/6743577411 | Salem, TN"
Bank of Baroda,,,,,,Salem,BFSI,OpenStreetMap,"osm/node/10688153214 | Salem, TN"
Axis Bank,,,,,,Salem,BFSI,OpenStreetMap,"osm/node/10688153227 | Salem, TN"
Kotak Mahindra Bank,,,,,,Salem,BFSI,OpenStreetMap,"osm/node/10688153230 | Salem, TN"
Salem Dist Coop Union,,,,,,"Cherry Road, Salem, 636001",BFSI,OpenStreetMap,"osm/node/11338662294 | Salem, TN"
State Bank Of India - Salem,,,,,,"Fort Rd, Salem, 636001",BFSI,OpenStreetMap,"osm/way/1226680606 | Salem, TN"
My house,,,,,,"299, Angamaal colony, Salem",Hospitality,OpenStreetMap,"osm/node/4132074001 | Salem, TN"
Vishnu's House,,,,,,"Perumampatty ,Kottanur, Salem, 636307",Hospitality,OpenStreetMap,"osm/node/4973124898 | Salem, TN"
VC Bangala,,,,,,Salem,Hospitality,OpenStreetMap,"osm/way/482237033 | Salem, TN"
Gest House,,,,,,Salem,Hospitality,OpenStreetMap,"osm/way/482237850 | Salem, TN"
S.K.Cars,,,,,,Salem,Automobile,OpenStreetMap,"osm/node/4305425791 | Salem, TN"
Ramani Hyundai,,,,,,Salem,Automobile,OpenStreetMap,"osm/node/4305472890 | Salem, TN"
Thriveni Cars,,,,,,Salem,Automobile,OpenStreetMap,"osm/node/4305472891 | Salem, TN"
Nissan Marvel ,,,,,,Salem,Automobile,OpenStreetMap,"osm/node/4305485189 | Salem, TN"
Sks automobile,,,,,,Salem,Automobile,OpenStreetMap,"osm/node/4838441922 | Salem, TN"
Maruti Suzuki ARENA (Thriveni Car Company),,,+91 80 6251 0246,,,"Junction Main Rd, 2nd Gate, Subramania Nagar, Suramangalam, Salem",Automobile,OpenStreetMap,"osm/way/1296280174 | Salem, TN"
TPT Dimond  jublee block,,,,,,"Salem Junction - Yercaud Road, Salem, 636005",Education,OpenStreetMap,"osm/node/4109226596 | Salem, TN"
Sakthi Kailash Women's College,,,,,,Salem,Education,OpenStreetMap,"osm/node/4302900491 | Salem, TN"
GOVERNMENT ARTS COLLEGE,,,,,,"Hasthampatty - Cherry Road, Salem, 636007",Education,OpenStreetMap,"osm/node/4305472996 | Salem, TN"
AVS Engineering College,,,,,,Salem,Education,OpenStreetMap,"osm/node/4939976985 | Salem, TN"
Salem Polytechnic,,,,,,Salem,Education,OpenStreetMap,"osm/node/6833710087 | Salem, TN"
Mahendra Engineering College,,,,,,Salem,Education,OpenStreetMap,"osm/node/7253481928 | Salem, TN"
Govt Engineering College,,,,,,"NH 44, Karuppur, Salem, 636012",Education,OpenStreetMap,"osm/node/10732094032 | Salem, TN"
Govt ITI,,,,,,Salem,Education,OpenStreetMap,"osm/node/11393375264 | Salem, TN"
THIAGARAJAR POLYTECHNIC COLLEGE,,,,,,Salem,Education,OpenStreetMap,"osm/node/13394767320 | Salem, TN"
SONA College of Technology,,,,,https://www.sonatech.ac.in/,Salem,Education,OpenStreetMap,"osm/node/13394874186 | Salem, TN"
Salem Mohan Kumaramangalam Medical College,,,,,,"Salem, 636030",Education,OpenStreetMap,"osm/way/374690842 | Salem, TN"
"AVS College od Arts and Science, Salem.",,,,,,Salem,Education,OpenStreetMap,"osm/way/408812670 | Salem, TN"
"RAMANUJAM BLOCK(BBA,VISCOM)",,,,,,Salem,Education,OpenStreetMap,"osm/way/408812680 | Salem, TN"
SWAMIVIVEKANANDA BLOCK,,,,,,Salem,Education,OpenStreetMap,"osm/way/408812683 | Salem, TN"
Indian Institute of Handloom Technology Salem,,,,,https://iiht.ac.in/,"Thillai Nagar Main Road, Salem, 636001",Education,OpenStreetMap,"osm/way/1109912787 | Salem, TN"
LAW College,,,,,,Salem,Education,OpenStreetMap,"osm/way/1127495883 | Salem, TN"
KonguNadu college of Education,,,,,,Salem,Education,OpenStreetMap,"osm/way/1206046343 | Salem, TN"
St. Theresa's Industrial Training Institute,,,,,,Salem,Education,OpenStreetMap,"osm/way/1227828361 | Salem, TN"
Vinayaga Mission Kirubananda Variar Medical College,,,,,,Salem,Education,OpenStreetMap,"osm/way/1416666845 | Salem, TN"
Silver jublee block,,,,,,Salem,Education,OpenStreetMap,"osm/way/1460466496 | Salem, TN"
"NETAJI BLOCK(BCA,MBA,MCA)",,,,,,Salem,Education,OpenStreetMap,"osm/way/1484934663 | Salem, TN"
ABDUL KALAM BLOCK,,,,,,Salem,Education,OpenStreetMap,"osm/way/1484934664 | Salem, TN"
Primery Health center kannankuruchi,,,,,,Salem,Education,OpenStreetMap,"osm/node/2184380379 | Salem, TN"
Holy Cross Matriculation Higher Secondary School,,,+91 427 224 0888;+9104288-04288,holycrosssalem@gmail.com,https://www.salemholycross.com/,"Bhavani, Bhavani, 638183",Education,OpenStreetMap,"osm/node/4299431190 | Salem, TN"
St. Mary's Hr. Sec. School,,,,,,"Salem - Omalur Road, Salem, 636009",Education,OpenStreetMap,"osm/node/4299434189 | Salem, TN"
"Govt. High School, K.N.Colony",,,,,,Salem,Education,OpenStreetMap,"osm/node/4302896149 | Salem, TN"
Saradha College ,,,,,,Salem,Education,OpenStreetMap,"osm/node/4302896519 | Salem, TN"
Saradha Balamandir School,,,,,,Salem,Education,OpenStreetMap,"osm/node/4302952313 | Salem, TN"
Ganesh College ,,,,,,Salem,Education,OpenStreetMap,"osm/node/4302952314 | Salem, TN"
Jothi Matriculation Higher Secondary School,,,,,,Salem,Education,OpenStreetMap,"osm/node/4302953492 | Salem, TN"
Little Flower School,,,,,,"Salem - Omalur Road, Salem, 636007",Education,OpenStreetMap,"osm/node/4305431892 | Salem, TN"
Thangam ZEE public school ,,,,,,Salem,Education,OpenStreetMap,"osm/node/4305461793 | Salem, TN"
Kailash Manasarover School,,,,,,Salem,Education,OpenStreetMap,"osm/node/4305472991 | Salem, TN"
"Govt. Girls School, Ammapet ",,,,,,Salem,Education,OpenStreetMap,"osm/node/4305473092 | Salem, TN"
Salem Polytechnic. ITI,,,,,,Salem,Education,OpenStreetMap,"osm/node/4306485899 | Salem, TN"
Sri Vidhya Mandir Senior Secondary School,,,,,,Salem,Education,OpenStreetMap,"osm/node/4336523547 | Salem, TN"
Mothers Vidthyalaya Metric School,,,+91427-2446383,,,"45, Naagarasapatti, Alagar Nachiyappan Nagar, Salem Bazaar Location:  Salem Bazaar -, salem, 636001",Education,OpenStreetMap,"osm/node/4444208373 | Salem, TN"
Sri Vasavi Matric HR Sec School,,,+91427-2212415,,,"35, Paul Market, Agraharam Street, Shevapet, salem, 636002",Education,OpenStreetMap,"osm/node/4444253923 | Salem, TN"
Diamond Rays Matric HR Sec School,,,+91427-2271397,,,"46/1, Mkb Agency, Kondalampatty Byepass Road, Kondalampatti, salem, 636010",Education,OpenStreetMap,"osm/node/4444318899 | Salem, TN"
Sri Vidhya Bharati Matric HR Sec School,,,+91427-2274711,,,"6-A, Neikarapatty, Kondalampatti, salem, 636010",Education,OpenStreetMap,"osm/node/4444323018 | Salem, TN"
Golden choice matric hr.sec school,,,+91427-2001203,,,"Dasanaikenpatty, salem, 636201",Education,OpenStreetMap,"osm/node/4444339253 | Salem, TN"
Vinayaka Missions Annapoorani Matric School,,,+91427-2917494,,,"Nh-47, Sankari Main Road, Ariyanoo, salem, 636001",Education,OpenStreetMap,"osm/node/4444350354 | Salem, TN"
Jayarani matric school,,,+91427 221 3076,,,"Neethimedu, salem, 636002",Education,OpenStreetMap,"osm/node/4444385842 | Salem, TN"
Srk matric school,,,+914272443071,,,"Thiruvagoundanur Bypass, Membala Nagar, Kandhampatti, salem, 636005",Education,OpenStreetMap,"osm/node/4444402735 | Salem, TN"
Sugam Matric Higher Secondary School,,,+91427-2001820,,,"Dasanaickenpatti, salem, 636201",Education,OpenStreetMap,"osm/node/4444412811 | Salem, TN"
The gugai hr.sec school,,,+914282-241063,,,"Karungalpatty, Gugai, salem, 636006",Education,OpenStreetMap,"osm/node/4444416951 | Salem, TN"
P R Matric HR sec school,,,+91427-2281718,,,"Nattamangalam, Seelanaickenpatty Bye Pass, seelanaickenpatti, salem, 636201",Education,OpenStreetMap,"osm/node/4444427861 | Salem, TN"
Holy flower matric hr.sec school,,,+914272448426,,,"Fairlands, salem, 636016",Education,OpenStreetMap,"osm/node/4444431841 | Salem, TN"
St.joseph's matric hr.sec school,,,+91427 246 5601,,,"pension Line, Gugai, salem, 636006",Education,OpenStreetMap,"osm/node/4444442767 | Salem, TN"
SRI Saradha Balamandir Boys Matric HR Sec School,,,+91427-2412160,,,"11/19 A, Near Kiruba Hospital, Rajaji Road, Hastampatti, salem, 636007",Education,OpenStreetMap,"osm/node/4444448929 | Salem, TN"
Lef Eden Garden Matric School,,,+91427-2419813,,,"374, Cherry Road, Hastampatti, salem, 636007",Education,OpenStreetMap,"osm/node/4444456005 | Salem, TN"
Holy Angels Matric Higher Secondary School,,,+914272446969,,,"Pudhur Post,alem M Corp., Alagapuram, Periya Pudur, salem, 636004",Education,OpenStreetMap,"osm/node/4444461889 | Salem, TN"
Sri Sarada Matriculation Higher Secondary School,,,,,,Salem,Education,OpenStreetMap,"osm/node/4928490317 | Salem, TN"
Sivagami Ammaiyar Municipal Boys Higher Secondary School,,,,,,Salem,Education,OpenStreetMap,"osm/node/4939939443 | Salem, TN"
Kottanur Govt.School,,,,,,"Perumampatty Road,kottanur, Salem, 636307",Education,OpenStreetMap,"osm/node/4973124893 | Salem, TN"
Veeralakshmi Vidhyalaya Higher Secondary School,,,,,,Salem,Education,OpenStreetMap,"osm/node/5175921960 | Salem, TN"
Sri Vidya matric higher secondary school,,,,,,Salem,Education,OpenStreetMap,"osm/node/6743577735 | Salem, TN"
Chinnanur Middle School,,,,,,"Chinnanur, Salem, 636122",Education,OpenStreetMap,"osm/node/10303873369 | Salem, TN"
Thailanur Primary School,,,,,,"Thailanur, Salem, 636122",Education,OpenStreetMap,"osm/node/10303873370 | Salem, TN"
MettupattiThathanur Primary School,,,,,,"M.Thathanur, Salem, 636103",Education,OpenStreetMap,"osm/node/10536521573 | Salem, TN"
Veeranam Primary School,,,,,,"Valasaiyur Main Road, Veeranam, Salem, 636122",Education,OpenStreetMap,"osm/node/10536521574 | Salem, TN"
Veeranam Hr. Sec. School,,,,,,"Veeranam, Salem, 636122",Education,OpenStreetMap,"osm/node/10536521605 | Salem, TN"
Corporation High School,,,,,,"Veeranam Main Road, Salem, 636017",Education,OpenStreetMap,"osm/node/10593362321 | Salem, TN"
St. Paul's Primary School,,,,,,"Court Road, Salem, 636007",Education,OpenStreetMap,"osm/node/10729578042 | Salem, TN"
Bharathi Vidiyalaya Hr. Sec. School,,,,,,"Court Road, Salem, 636007",Education,OpenStreetMap,"osm/node/10729578044 | Salem, TN"
Corporation Primary School,,,,,,Salem,Education,OpenStreetMap,"osm/node/10750043498 | Salem, TN"
Sourashtra school,,,,,,Salem,Education,OpenStreetMap,"osm/node/10885601905 | Salem, TN"
Jay Matriculation Higher Secondary School,,,,,,"Veeranam Main Road, Salem, 636017",Education,OpenStreetMap,"osm/node/11338662282 | Salem, TN"
PUES - Kuttaikadu,,,,,,"Kuttaikadu, M.Thathanur, 636103",Education,OpenStreetMap,"osm/node/11372655981 | Salem, TN"
Govt Hr Sec School,,,,,,"Ayothiyapattinam - Belur - Kilakkadu Road, Ayothiyapattanam, 636103",Education,OpenStreetMap,"osm/node/11372656017 | Salem, TN"
Dist Education Training,,,,,,Salem,Education,OpenStreetMap,"osm/node/11372681492 | Salem, TN"
Balagurukulam Matriculation School,,,,,,Salem,Education,OpenStreetMap,"osm/node/12564721810 | Salem, TN"
Sri Vidya Mandir Senior Secondary School,,,,,,Salem,Education,OpenStreetMap,"osm/node/12564721814 | Salem, TN"
Shivathapuram Government School,,,,,,"Sivathapuram, Salem, 636307",Education,OpenStreetMap,"osm/way/507890790 | Salem, TN"
PV School Ground,,,,,,"Salem, 636307",Education,OpenStreetMap,"osm/way/507890792 | Salem, TN"
Veeralashmi Vidhyalaya Higher Secondary School,,,,,,Salem,Education,OpenStreetMap,"osm/way/533525805 | Salem, TN"
Government Boys Higher Secondary School,,,,,,"Fort Road, Salem, 636001",Education,OpenStreetMap,"osm/way/1109599601 | Salem, TN"
Government Girls Higher Secondary School,,,,,,"Fort Road, Salem, 636001",Education,OpenStreetMap,"osm/way/1109599602 | Salem, TN"
St. Paul Primary School,,,,,,"Court Road, Maravaneri, Salem, 636007",Education,OpenStreetMap,"osm/way/1120328239 | Salem, TN"
St. Paul Higher Secondary School,,,,,,"Court Road, Salem, 636007",Education,OpenStreetMap,"osm/way/1120328240 | Salem, TN"
CSI Higher Secondary School,,,,,,"Fort Road, Salem, 636001",Education,OpenStreetMap,"osm/way/1120346567 | Salem, TN"
Allikuttai Corporation Middle School,,,,,,"Veeranam Main Road, Salem, 636017",Education,OpenStreetMap,"osm/way/1136367623 | Salem, TN"
Kavi Bharathi N&P School,,,,,,Salem,Education,OpenStreetMap,"osm/way/1184590722 | Salem, TN"
DIET - Salem,,,,,,Salem,Education,OpenStreetMap,"osm/way/1226390373 | Salem, TN"
Bala Barathi Matriculation Higher Secondary School,,,,,https://balabarathi.com/,Salem,Education,OpenStreetMap,"osm/way/1227828360 | Salem, TN"
CSI Hobart Edu Institute,,,,,,Salem,Education,OpenStreetMap,"osm/way/1228476363 | Salem, TN"
Sri Vivekananda Patasalai Matriculation School,,,,,,Salem,Education,OpenStreetMap,"osm/way/1232483127 | Salem, TN"
Sowdeshwari College,,,,,,Salem,Education,OpenStreetMap,"osm/way/1414460903 | Salem, TN"
Reliance Supermarket,,,,,,Salem,FMCG / Retail / Food,OpenStreetMap,"osm/node/4299395093 | Salem, TN"
Reliance Fresh,,,,,,Salem,FMCG / Retail / Food,OpenStreetMap,"osm/node/4305425790 | Salem, TN"
Ponni Supermarket,,,,,,Salem,FMCG / Retail / Food,OpenStreetMap,"osm/node/4305484392 | Salem, TN"
Modern Super market,,,,,,Salem,FMCG / Retail / Food,OpenStreetMap,"osm/node/4516533597 | Salem, TN"
Vinayaga Supermarket,,,,,,Salem,FMCG / Retail / Food,OpenStreetMap,"osm/node/4516559289 | Salem, TN"
Darling digital world,,,,,,Salem,FMCG / Retail / Food,OpenStreetMap,"osm/node/9006288709 | Salem, TN"
Relaince Mall,,,,,,"Salem Junction - Yercaud Road, Salem, 636005",FMCG / Retail / Food,OpenStreetMap,"osm/way/1153954753 | Salem, TN"
Jaisurya's,,,,,,Salem,FMCG / Retail / Food,OpenStreetMap,"osm/node/4305471991 | Salem, TN"
Kumar's Grocery,,,,,,Salem,FMCG / Retail / Food,OpenStreetMap,"osm/node/4516533598 | Salem, TN"
Kottanur Malliga Kadai,,,,,,Salem,FMCG / Retail / Food,OpenStreetMap,"osm/node/4973124897 | Salem, TN"
Rootz Online Departmental Store,,,,,,Salem,FMCG / Retail / Food,OpenStreetMap,"osm/node/8726802124 | Salem, TN"
vTrack,,,,,,"91/146, Rana Lakshmanan Nagar, Perundurai Road, Erode, 638011",Pharma / Healthcare,OpenStreetMap,"osm/node/4172410280 | Erode, TN"
sri biraver travels,,,9688706664,ANANDABABU6664@GMAIL.COM,,"Pallipalayam main road, Erode",Pharma / Healthcare,OpenStreetMap,"osm/node/5379831221 | Erode, TN"
Aavin Erode,,,,,,Erode,Manufacturing / Textile,OpenStreetMap,"osm/way/868508516 | Erode, TN"
Bank,,,,,,Erode,BFSI,OpenStreetMap,"osm/node/1668207824 | Erode, TN"
Vijaya Bank PeriyarNagarErode,,,,,,Erode,BFSI,OpenStreetMap,"osm/node/5238962225 | Erode, TN"
IOB PERYAR NAGAR BRANCH ERODE,,,,,,Erode,BFSI,OpenStreetMap,"osm/node/5238962723 | Erode, TN"
VIJAYA BANK PERIYARNAGAR ERODE,,,,,,Erode,BFSI,OpenStreetMap,"osm/node/5238962821 | Erode, TN"
PCR Auto Agencies,,,,,,Erode,Automobile,OpenStreetMap,"osm/node/835109322 | Erode, TN"
Erode Arts and Science College,,,,,,Erode,Education,OpenStreetMap,"osm/node/7170676840 | Erode, TN"
Vellalar College and Schools,,,,,,Erode,Education,OpenStreetMap,"osm/way/440354546 | Erode, TN"
Chinthamani Co-oprative Supermarket,,,,,,Erode,FMCG / Retail / Food,OpenStreetMap,"osm/node/832381106 | Erode, TN"
Kannan Departmental Store,,,,,,Erode,FMCG / Retail / Food,OpenStreetMap,"osm/node/832381109 | Erode, TN"
Mini Supermarket,,,,,,Erode,FMCG / Retail / Food,OpenStreetMap,"osm/node/1668206386 | Erode, TN"
Lotus Shopping Centre,,,,,,Erode,FMCG / Retail / Food,OpenStreetMap,"osm/node/2085738703 | Erode, TN"
Gold departmental store,,,,,,Erode,FMCG / Retail / Food,OpenStreetMap,"osm/way/440732915 | Erode, TN"
Jj Hospitals,,,,,,"Dindigul, 624001",Pharma / Healthcare,OpenStreetMap,"osm/node/6914764675 | Dindigul, TN"
Kamala Mother and Child Hospital,,,,,,"Dindigul, 624001",Pharma / Healthcare,OpenStreetMap,"osm/node/6926055601 | Dindigul, TN"
Aswin Hospitals,,,,,,"Dindigul, 624001",Pharma / Healthcare,OpenStreetMap,"osm/node/6928096944 | Dindigul, TN"
Bharathi Mission Hospital,,,,,,"Dindigul, 624003",Pharma / Healthcare,OpenStreetMap,"osm/node/6929372902 | Dindigul, TN"
City Hospital,,,,,,"Dindigul, 624005",Pharma / Healthcare,OpenStreetMap,"osm/node/6929737137 | Dindigul, TN"
Jcb Hospitals,,,,,,"Dindigul, 624001",Pharma / Healthcare,OpenStreetMap,"osm/node/6930128237 | Dindigul, TN"
Jeganath Hospital,,,,,,"Dindigul, 624001",Pharma / Healthcare,OpenStreetMap,"osm/node/6930467495 | Dindigul, TN"
"Vasan Eye Care Hospital, Dindigul",,,,,,"Dindigul, 624001",Pharma / Healthcare,OpenStreetMap,"osm/node/6934018844 | Dindigul, TN"
Annai Perinbam Hospital (P) Ltd,,,,,,"Dindigul, 624001",Pharma / Healthcare,OpenStreetMap,"osm/node/6934267044 | Dindigul, TN"
"Aravind Eye Hospitals, New Agraharam",,,,,,"Dindigul, 624001",Pharma / Healthcare,OpenStreetMap,"osm/node/6934301428 | Dindigul, TN"
Shree Sathya Subha Hospital,,,,,,"Dindigul, 624001",Pharma / Healthcare,OpenStreetMap,"osm/node/6934426886 | Dindigul, TN"
"Shifa Hospital, Dindigul",,,,,,"Dindigul, 624004",Pharma / Healthcare,OpenStreetMap,"osm/node/6934562615 | Dindigul, TN"
Deenesh Hospital,,,,,,"Dindigul, 624003",Pharma / Healthcare,OpenStreetMap,"osm/node/6936146740 | Dindigul, TN"
"Saravana Hospitals, Dindigul",,,,,,"Dindigul, 624001",Pharma / Healthcare,OpenStreetMap,"osm/node/6936379161 | Dindigul, TN"
St.Joseph Hospital,,,+91 99942 43081,stjosephhospital1956@gmail.com,http://www.stjosephhospitaldindigul.com/,"Dindigul, 624001",Pharma / Healthcare,OpenStreetMap,"osm/node/6937049757 | Dindigul, TN"
Kanna Hospital,,,,,,"Dindigul, 624001",Pharma / Healthcare,OpenStreetMap,"osm/node/7213550703 | Dindigul, TN"
"Hospital, Dindigul",,,,,,"Dindigul, 624005",Pharma / Healthcare,OpenStreetMap,"osm/node/7213550710 | Dindigul, TN"
Soba General Hospital,,,,,,"Dindigul, 624001",Pharma / Healthcare,OpenStreetMap,"osm/node/7252284139 | Dindigul, TN"
Sankara Hospital,,,,,,"Dindigul, 624001",Pharma / Healthcare,OpenStreetMap,"osm/node/7252284143 | Dindigul, TN"
Raksha Hospitals,,,,,,"Dindigul, 624001",Pharma / Healthcare,OpenStreetMap,"osm/node/7252284162 | Dindigul, TN"
Dharshini Hospital,,,,,,"Dindigul, 624001",Pharma / Healthcare,OpenStreetMap,"osm/node/7252284165 | Dindigul, TN"
Shahin Hospital,,,,,,"Dindigul, 624003",Pharma / Healthcare,OpenStreetMap,"osm/node/7252284168 | Dindigul, TN"
"Jaya Hospital, Dindigul",,,,,,"Dindigul, 624003",Pharma / Healthcare,OpenStreetMap,"osm/node/7252284171 | Dindigul, TN"
"Kar Health Centre , Dindigul",,,,,,"Dindigul, 624001",Pharma / Healthcare,OpenStreetMap,"osm/node/7252284175 | Dindigul, TN"
Guhan Hospital,,,,,,"Dindigul, 624001",Pharma / Healthcare,OpenStreetMap,"osm/node/7252284176 | Dindigul, TN"
"Sangeerani Hospital, Dindigul",,,,,,"Dindigul, 624001",Pharma / Healthcare,OpenStreetMap,"osm/node/7252284179 | Dindigul, TN"
Kannan Hospital,,,,,,"Dindigul, 624001",Pharma / Healthcare,OpenStreetMap,"osm/node/7252284180 | Dindigul, TN"
J C B Hospital,,,,,,"Dindigul, 624001",Pharma / Healthcare,OpenStreetMap,"osm/node/7252284182 | Dindigul, TN"
Vishnu Suriya Hospital Dindigul,,,,,,"Dindigul, 624001",Pharma / Healthcare,OpenStreetMap,"osm/node/7252284188 | Dindigul, TN"
Sai Hospitals Dindigul,,,,,,"Dindigul, 624001",Pharma / Healthcare,OpenStreetMap,"osm/node/7252284189 | Dindigul, TN"
Fathima Hospital Dindigul,,,,,,"Dindigul, 624001",Pharma / Healthcare,OpenStreetMap,"osm/node/7252284195 | Dindigul, TN"
"Thottauthu,Government Hospital",,,,,,"Dindigul, 624005",Pharma / Healthcare,OpenStreetMap,"osm/node/7252284201 | Dindigul, TN"
Saratha Hospital,,,,,,"Dindigul, 624001",Pharma / Healthcare,OpenStreetMap,"osm/node/7252284202 | Dindigul, TN"
"Government Hospital, Thadicombu",,,,,,"Dindigul, 624709",Pharma / Healthcare,OpenStreetMap,"osm/node/7252324509 | Dindigul, TN"
Prasithi Hospital,,,,,,"Dindigul, 624001",Pharma / Healthcare,OpenStreetMap,"osm/node/7840098191 | Dindigul, TN"
Madurai Surgical Hospital,,,,,,"Dindigul, 624001",Pharma / Healthcare,OpenStreetMap,"osm/node/7840098193 | Dindigul, TN"
Chellathurai Baby Hospital,,,,,,"Dindigul, 624001",Pharma / Healthcare,OpenStreetMap,"osm/node/7840098194 | Dindigul, TN"
Dr. Sokkaiyan Hospital,,,,,,"Dindigul, 624001",Pharma / Healthcare,OpenStreetMap,"osm/node/7840098198 | Dindigul, TN"
S.S. Hospital,,,,,,"Dindigul, 624001",Pharma / Healthcare,OpenStreetMap,"osm/node/7840098200 | Dindigul, TN"
Abhirami Eye Hospital,,,,,,"Dindigul, 624001",Pharma / Healthcare,OpenStreetMap,"osm/node/7840098204 | Dindigul, TN"
ENT Hospital,,,,,,"Dindigul, 624001",Pharma / Healthcare,OpenStreetMap,"osm/node/7840098205 | Dindigul, TN"
Lakshmi Children Hospital,,,,,,"Dindigul, 624001",Pharma / Healthcare,OpenStreetMap,"osm/node/7840098214 | Dindigul, TN"
Arunachalam Children's Hospital,,,,,,"Dindigul, 624001",Pharma / Healthcare,OpenStreetMap,"osm/node/7840098219 | Dindigul, TN"
Mohanadurga Hospital,,,,,,"Dindigul, 624001",Pharma / Healthcare,OpenStreetMap,"osm/node/7840098220 | Dindigul, TN"
Mission Mental Health Hospital,,,,,,"Dindigul, 624004",Pharma / Healthcare,OpenStreetMap,"osm/node/7840098221 | Dindigul, TN"
Durairaj Hospital,,,,,,"Dindigul, 624001",Pharma / Healthcare,OpenStreetMap,"osm/node/7840098228 | Dindigul, TN"
Drake Hospital,,,,,,"Dindigul, 624001",Pharma / Healthcare,OpenStreetMap,"osm/node/7840098232 | Dindigul, TN"
Nirvin Lung Care Hospital,,,,,,"Dindigul, 642001",Pharma / Healthcare,OpenStreetMap,"osm/node/7840098233 | Dindigul, TN"
Shanthi clinic,,,,,,Dindigul,Pharma / Healthcare,OpenStreetMap,"osm/node/7858419376 | Dindigul, TN"
Rajarajeshwari hospital,,,,,,Dindigul,Pharma / Healthcare,OpenStreetMap,"osm/node/9104791165 | Dindigul, TN"
JJ Arul Hospital,,,,,,Dindigul,Pharma / Healthcare,OpenStreetMap,"osm/node/12078445537 | Dindigul, TN"
Kamala Nehru Urban Primary Health Centre,,,,,,Dindigul,Pharma / Healthcare,OpenStreetMap,"osm/way/376181984 | Dindigul, TN"
"Government Medical College Hospital, Dindigul",,,,,,"Dindigul, 624001",Pharma / Healthcare,OpenStreetMap,"osm/way/823693689 | Dindigul, TN"
Government Siddha hospital,,,,,,Dindigul,Pharma / Healthcare,OpenStreetMap,"osm/way/984800712 | Dindigul, TN"
Mariyanathapuram PHC,,,,,,Dindigul,Pharma / Healthcare,OpenStreetMap,"osm/way/984800718 | Dindigul, TN"
Vadamalayan Hospitals,,,,,https://www.vadamalayan.org/,Dindigul,Pharma / Healthcare,OpenStreetMap,"osm/way/1079171506 | Dindigul, TN"
Meenakshi Nursing Home,,,,,,"Dindigul, 624001",Pharma / Healthcare,OpenStreetMap,"osm/node/6914894022 | Dindigul, TN"
Annai Clinic,,,,,,"Dindigul, 624001",Pharma / Healthcare,OpenStreetMap,"osm/node/6931058788 | Dindigul, TN"
Sri Jayadurga Poly Nursing Home,,,,,,"Dindigul, 624001",Pharma / Healthcare,OpenStreetMap,"osm/node/7252284135 | Dindigul, TN"
Dr.Vasantha Nursing Home Dindigul,,,,,,"Dindigul, 624004",Pharma / Healthcare,OpenStreetMap,"osm/node/7252284136 | Dindigul, TN"
"Kathik Nursing Home , Dindigul",,,,,,"Dindigul, 624005",Pharma / Healthcare,OpenStreetMap,"osm/node/7252284140 | Dindigul, TN"
"Rajarjeswari Nursing Home, Dindigul",,,,,,"Dindigul, 624001",Pharma / Healthcare,OpenStreetMap,"osm/node/7252284147 | Dindigul, TN"
Mani Clinic Dindigul,,,,,,"Dindigul, 624003",Pharma / Healthcare,OpenStreetMap,"osm/node/7252284151 | Dindigul, TN"
"Shifa Nursing Home , Dindigul",,,,,,"Dindigul, 624001",Pharma / Healthcare,OpenStreetMap,"osm/node/7252284186 | Dindigul, TN"
Nursing Home Dindigul,,,,,,"Dindigul, 624001",Pharma / Healthcare,OpenStreetMap,"osm/node/7252284205 | Dindigul, TN"
Dindigul Care Centre,,,,,,"Dindigul, 624001",Pharma / Healthcare,OpenStreetMap,"osm/node/7840098185 | Dindigul, TN"
Ranga Clinic,,,,,,"Dindigul, 624001",Pharma / Healthcare,OpenStreetMap,"osm/node/7840098186 | Dindigul, TN"
Jeevan Clinic,,,,,,"Dindigul, 624001",Pharma / Healthcare,OpenStreetMap,"osm/node/7840098188 | Dindigul, TN"
Maharishi Clinic,,,,,,"Dindigul, 624001",Pharma / Healthcare,OpenStreetMap,"osm/node/7840098189 | Dindigul, TN"
Chyavana Ayurveda Clinic,,,,,,"Dindigul, 624001",Pharma / Healthcare,OpenStreetMap,"osm/node/7840098196 | Dindigul, TN"
Ashwa Health Care,,,,,,"Dindigul, 624001",Pharma / Healthcare,OpenStreetMap,"osm/node/7840098197 | Dindigul, TN"
Anbu Clinic,,,,,,"Dindigul, 624004",Pharma / Healthcare,OpenStreetMap,"osm/node/7840098201 | Dindigul, TN"
Swasam Lung Clinc,,,,,,"Dindigul, 624001",Pharma / Healthcare,OpenStreetMap,"osm/node/7840098202 | Dindigul, TN"
Dr. L. Aravind Narayanan Clinic,,,,,,"Dindigul, 624001",Pharma / Healthcare,OpenStreetMap,"osm/node/7840098206 | Dindigul, TN"
Sushila Nursing Home,,,,,,"Dindigul, 624001",Pharma / Healthcare,OpenStreetMap,"osm/node/7840098208 | Dindigul, TN"
Dr. A. Rajesh Clinic,,,,,,"Dindigul, 624004",Pharma / Healthcare,OpenStreetMap,"osm/node/7840098210 | Dindigul, TN"
Nethra Ortho Clinic,,,,,,"Dindigul, 624001",Pharma / Healthcare,OpenStreetMap,"osm/node/7840098211 | Dindigul, TN"
Guru Homeo Clinic,,,,,,"Dindigul, 624004",Pharma / Healthcare,OpenStreetMap,"osm/node/7840098215 | Dindigul, TN"
Thangam Physiotherapy Clinic,,,,,,"Dindigul, 624005",Pharma / Healthcare,OpenStreetMap,"osm/node/7840098217 | Dindigul, TN"
Ganga Prakash Dental Clinic,,,,,,"Dindigul, 624001",Pharma / Healthcare,OpenStreetMap,"osm/node/7840098218 | Dindigul, TN"
Dr. Ramachandran Child Clinic,,,,,,"Dindigul, 624001",Pharma / Healthcare,OpenStreetMap,"osm/node/7840098222 | Dindigul, TN"
Annai Home Health Centre,,,,,,"Dindigul, 624001",Pharma / Healthcare,OpenStreetMap,"osm/node/7840098223 | Dindigul, TN"
Dr. Geetha's Classic Homoeo Clinic,,,,,,"Dindigul, 624004",Pharma / Healthcare,OpenStreetMap,"osm/node/7840098225 | Dindigul, TN"
Sammuka Nursing Home,,,,,,"Dindigul, 624001",Pharma / Healthcare,OpenStreetMap,"osm/node/7840098226 | Dindigul, TN"
Nivi Children Clinic,,,,,,"Dindigul, 624001",Pharma / Healthcare,OpenStreetMap,"osm/node/7840098227 | Dindigul, TN"
Shanmuga Nurshing Home,,,,,,"Dindigul, 624001",Pharma / Healthcare,OpenStreetMap,"osm/node/7840098229 | Dindigul, TN"
Dr. Raja Rasool Mohamed,,,,,,"Dindigul, 624001",Pharma / Healthcare,OpenStreetMap,"osm/node/7840098230 | Dindigul, TN"
Dr. M. Palanivel Clinic,,,,,,"Dindigul, 624004",Pharma / Healthcare,OpenStreetMap,"osm/node/7840098234 | Dindigul, TN"
Government Siddha clinic,,,,,,Dindigul,Pharma / Healthcare,OpenStreetMap,"osm/node/9104697727 | Dindigul, TN"
Kottakal Arya Vaidyasalai Ayurvedha Hospital,,,,,,Dindigul,Pharma / Healthcare,OpenStreetMap,"osm/node/9104697766 | Dindigul, TN"
Chicken shop,,,,,,Dindigul,Manufacturing / Textile,OpenStreetMap,"osm/node/7858439493 | Dindigul, TN"
bharathi raja santhosh land,,,,,,Dindigul,Manufacturing / Textile,OpenStreetMap,"osm/way/1195611910 | Dindigul, TN"
Naga,,,,,https://www.nagamills.com/,Dindigul,Manufacturing / Textile,OpenStreetMap,"osm/node/7279429882 | Dindigul, TN"
Corporation Bank,,,,,,Dindigul,BFSI,OpenStreetMap,"osm/node/9104697828 | Dindigul, TN"
Karur Vysya Bank,,,,,,Dindigul,BFSI,OpenStreetMap,"osm/node/9104697837 | Dindigul, TN"
India Post Payments Bank,,,,,,Dindigul,BFSI,OpenStreetMap,"osm/node/12290232350 | Dindigul, TN"
Tamilnad Mercantile Bank Limited,,,,,,Dindigul,BFSI,OpenStreetMap,"osm/node/12290232397 | Dindigul, TN"
ICICI Bank,,,,,,Dindigul,BFSI,OpenStreetMap,"osm/node/12290232399 | Dindigul, TN"
Tata,,,,,,Dindigul,Automobile,OpenStreetMap,"osm/node/5585526821 | Dindigul, TN"
ABC Polytechnic College,,,+91 422 2619047,info@abc.com,http://abcpolytechnic.ac.in/,Dindigul,Education,OpenStreetMap,"osm/node/5338402535 | Dindigul, TN"
TED Spoken English Center,,,91 9442707193,tedspokenenglish@gmail.com,,"486/4, East Rajeev Nagar, Balakrishnapuram, Dindigul, 624005",Education,OpenStreetMap,"osm/node/7858419355 | Dindigul, TN"
P.S.N.A. College Of Engineering And Technology,,,,,,Dindigul,Education,OpenStreetMap,"osm/node/12078464469 | Dindigul, TN"
Bon Secours Arts & Science College For Women,,,,,,Dindigul,Education,OpenStreetMap,"osm/node/12290232376 | Dindigul, TN"
S S M Institute of Engineering & Technology,,,+91 451 244 8800,ssmietdgl@gmail.com,https://www.ssmiet.ac.in/,Dindigul,Education,OpenStreetMap,"osm/way/823693700 | Dindigul, TN"
Sourastra Sri Varatharaja Higher Secondary School,,,,,,"Bharathipuram, Dindigul",Education,OpenStreetMap,"osm/node/4526260693 | Dindigul, TN"
Seventh​ Day Adventist higher secondary school,,,,,,Dindigul,Education,OpenStreetMap,"osm/node/5586064912 | Dindigul, TN"
R K Cardia Care Centre,,,,,,"Dindigul, 624003",Education,OpenStreetMap,"osm/node/7252284173 | Dindigul, TN"
St. Joseph's Matriculation Higher Secondary School,,,,,,Dindigul,Education,OpenStreetMap,"osm/node/9104697822 | Dindigul, TN"
Dudley school,,,,,,Dindigul,Education,OpenStreetMap,"osm/node/9104697824 | Dindigul, TN"
Dindigul Corporation Middle School,,,,,,Dindigul,Education,OpenStreetMap,"osm/node/9105222649 | Dindigul, TN"
Our Lady Of Lourdes Girls Higher Secondary School,,,,,,Dindigul,Education,OpenStreetMap,"osm/node/12290232347 | Dindigul, TN"
Peter Government Aided Primary School,,,,,,Dindigul,Education,OpenStreetMap,"osm/node/12290232352 | Dindigul, TN"
S.M.B. Manickam Nadar Packiathammal National Public School,,,,,,Dindigul,Education,OpenStreetMap,"osm/node/12290232356 | Dindigul, TN"
Nehruji Memorial Corporation Higher Secondary School,,,,,,Dindigul,Education,OpenStreetMap,"osm/node/12290232361 | Dindigul, TN"
West Car Street Corporation Primary School,,,,,,Dindigul,Education,OpenStreetMap,"osm/node/12290232364 | Dindigul, TN"
Mohamathiapuram Corporation Primary School,,,,,,Dindigul,Education,OpenStreetMap,"osm/node/12290232368 | Dindigul, TN"
T. P. K. N. Matriculation Higher Secondary School,,,,,,Dindigul,Education,OpenStreetMap,"osm/node/12290232369 | Dindigul, TN"
Lourdu Matha Matriculation School,,,,,,Dindigul,Education,OpenStreetMap,"osm/node/12290232377 | Dindigul, TN"
St. Xavier's Middle School,,,,,,Dindigul,Education,OpenStreetMap,"osm/node/12290232378 | Dindigul, TN"
Green Valley Public School,,,,,,Dindigul,Education,OpenStreetMap,"osm/node/12290232389 | Dindigul, TN"
Sophia Matriculation High School,,,,,,Dindigul,Education,OpenStreetMap,"osm/node/12290241602 | Dindigul, TN"
St. Joseph's School CBSE,,,,,,Dindigul,Education,OpenStreetMap,"osm/node/12290241604 | Dindigul, TN"
St. Cecilia's Middle School,,,,,,Dindigul,Education,OpenStreetMap,"osm/node/12290241605 | Dindigul, TN"
Kennedy Memorial Corporation Primary School,,,,,,Dindigul,Education,OpenStreetMap,"osm/node/12290241606 | Dindigul, TN"
St. Joseph's Girls Higher Secondary School,,,,,,Dindigul,Education,OpenStreetMap,"osm/node/12290241607 | Dindigul, TN"
S.M.B. Manickam Nadar Packiathammal Matriculation Higher Secondary School,,,,,,Dindigul,Education,OpenStreetMap,"osm/node/12290241608 | Dindigul, TN"
SMBM School,,,,,,Dindigul,Education,OpenStreetMap,"osm/way/984800710 | Dindigul, TN"
P.R.N.P Vidya Mandhir,,,,,,Dindigul,Education,OpenStreetMap,"osm/way/984800711 | Dindigul, TN"
Lakshmi Shoppee,,,,,,Dindigul,FMCG / Retail / Food,OpenStreetMap,"osm/node/9104697723 | Dindigul, TN"
Real Supermarket,,,,,,Dindigul,FMCG / Retail / Food,OpenStreetMap,"osm/node/9104733790 | Dindigul, TN"
Eeshwari stores,,,,,,Dindigul,FMCG / Retail / Food,OpenStreetMap,"osm/node/9104733804 | Dindigul, TN"
Sagar supermart,,,,,,Dindigul,FMCG / Retail / Food,OpenStreetMap,"osm/node/9104733805 | Dindigul, TN"
DMart,,,,,,Dindigul,FMCG / Retail / Food,OpenStreetMap,"osm/way/1410489084 | Dindigul, TN"
Ration Shop,,,,,,Dindigul,FMCG / Retail / Food,OpenStreetMap,"osm/node/7858439487 | Dindigul, TN"
Muthoot Finance,,,,,,Dindigul,BFSI,OpenStreetMap,"osm/node/9105278868 | Dindigul, TN"
Akshaya Shanthi,,,88704 81818,,https://www.akshaya.com/,"27/44, Mount Road, 27/44, Anna Salai, Border Thottam, Padupakkam, Triplicane, Chennai, Tamil Nadu 600002, Chennai",IT / Tech,OpenStreetMap,"osm/node/366488527 | Chennai, TN"
GlobalEnglish India Pvt Ltd.,,,+91 44 4564 1111,,https://globalenglish.com/,"Mount Poonamallee Highway, Chennai, 600089",IT / Tech,OpenStreetMap,"osm/node/2651399932 | Chennai, TN"
Blaze Dream Technologies Pvt Ltd,,,+914442047468,reach@blazedream.com,https://www.blazedream.com/,"Pycrofts Garden Road, Chennai, 600006",IT / Tech,OpenStreetMap,"osm/node/4221573010 | Chennai, TN"
Hexolabs Interactive Tech Pvt Ltd,,,044 42169699,,,"Type II/17, Dr.VSI Estate, Thiruvanmiyur, chennai, 600041",IT / Tech,OpenStreetMap,"osm/node/4978570060 | Chennai, TN"
Ducen IT,,,+91 44 4225 6666,sales@ducenit.com,https://www.ducenit.com/,"# 4/363, Block-B, III Floor, Old Mahabalipuram Road, CHENNAI, 600096",IT / Tech,OpenStreetMap,"osm/node/5671945731 | Chennai, TN"
Beez Innovation Labs Pvt. Ltd.,,,+91 44 4004 0468,,https://www.beezlabs.com/,"HQ10 Primus, Office no. 205, 2nd floor, SP-7A, South Phase, Guindy Industrial Estate, Guindy, Chennai, 600032",IT / Tech,OpenStreetMap,"osm/node/6788124685 | Chennai, TN"
Arasu Infotech,,,9943400155,,arasuinfotechservices.com,"No 45, 1st and 2nd floor, Om sakthi nagar, Kasi Towers, Mettukuppam, Vanagaram, Chennai, 600095",IT / Tech,OpenStreetMap,"osm/node/10698896818 | Chennai, TN"
Truckrr Information services,,,04447768360,,https://www.truckrr.com/,"4, New MGR Road, Veeramamunivar, 1st street, CHENNAI, 600096",IT / Tech,OpenStreetMap,"osm/node/11152623082 | Chennai, TN"
Pynesec Technologies Private Limited - Cyber security Services Company,,,+919043111754,,https://www.pynesec.com/,"4/2, Samayapuram Nagar Main Road, porur, 600116",IT / Tech,OpenStreetMap,"osm/node/12027874068 | Chennai, TN"
Nesh Technologies,,,9790706090,,https://nesh.live,"Type II/8, Dr.VSI Estate, Thiruvanmiyur, chennai, 600041",IT / Tech,OpenStreetMap,"osm/node/12127340842 | Chennai, TN"
Freshworks,,,+91 44 6667 8040,,https://freshworks.com,"40, Global Infocity, Dr MGR Main Road, Kodandarama Nagar, Perungudi, 600096",IT / Tech,OpenStreetMap,"osm/node/13286910921 | Chennai, TN"
Wcart,,,+91 9150 570 507,,https://wcart.io/,"TS-2,, SIDCO Micro Industrial Estate, Thirumudivakkam, Chennai, 600044",IT / Tech,OpenStreetMap,"osm/node/13518782880 | Chennai, TN"
Novalnet e-Solutions Pvt. Ltd.,,,+91 44 43574176,info@novalnet-solutions.com,https://www.novalnet-solutions.com/,"131, Erikkarai Street, Chennai, 600059",IT / Tech,OpenStreetMap,"osm/way/354989823 | Chennai, TN"
Impiger Technologies,,,+91 422 647 9994,,https://www.impigertech.com/,"Coimbatore, 641045",IT / Tech,OpenStreetMap,"osm/node/4576658600 | Coimbatore, TN"
ByVal Technologies India Private Limited,,,+91 82484 74232,info@byval.in,https://byval.in,"No 13/42A, Harisudhan Buildings, Tex Park Road, Coimbatore, 641014",IT / Tech,OpenStreetMap,"osm/node/10576951708 | Coimbatore, TN"
SproutUp Solutions,,,+918300087703,,https://sproutup.co.in,"9/32A2, Vadavalli Road, Auto Nagar, Edayarpalayam, coimbatore, 641025",IT / Tech,OpenStreetMap,"osm/node/12393529112 | Coimbatore, TN"
Logic Soft Pvt. Ltd.,,,+914447981917,,https://www.logicsoft.co.in/,"#32/30, Chokkalingam Nagar, Chennai, 600028",Real Estate / Construction,OpenStreetMap,"osm/node/3118891215 | Chennai, TN"
MOTOR FINANCE CORPORATION,,,+91 44 2852 1868,motorfinance@live.in,,"55, Adithanar Road, Chennai, 600002",Real Estate / Construction,OpenStreetMap,"osm/node/4324801889 | Chennai, TN"
Stellar Business solution,,,9600193482,stellarbuzi@gmail.com,,"92nd St, Chennai, 600083",Real Estate / Construction,OpenStreetMap,"osm/node/5192973221 | Chennai, TN"
ObjectFrontier Software,,,(+91) 44-3061-2100,,https://www.objectfrontier.com/,"Taramani Road, Chennai, 600113",Real Estate / Construction,OpenStreetMap,"osm/node/5250282011 | Chennai, TN"
Ashok Leyland corporate office,,,04422206000,,https://www.ashokleyland.com/,"No.1 Sardar Patel road, Chennai, 600031",Real Estate / Construction,OpenStreetMap,"osm/node/5359126722 | Chennai, TN"
TVF - Contagious online media network private limited,,,044-49521737,,www.tvfplay.com,"New no 20, Old No 30, 3rd floor, Musiri Subramanium street, oliver road, Chennai",Real Estate / Construction,OpenStreetMap,"osm/node/5393408521 | Chennai, TN"
e-con Systems India Pvt. Ltd.,,,044-4010-5500,,https://www.e-consystems.com/,"Corporation Water Works Road, Chennai, 600032",Real Estate / Construction,OpenStreetMap,"osm/node/5771638253 | Chennai, TN"
BETA CAE Systems India Pvt. Ltd. (Chennai Office),,,+914430095400,,https://www.beta-cae.com/,"51, Rattha Tek Meadows Tower B, 3rd Floor, Rajiv Gandhi Salai (OMR), Sholinganallur, Chennai, 600119",Real Estate / Construction,OpenStreetMap,"osm/node/5804109153 | Chennai, TN"
Detroit Engineered Products,,,+914442141453,,http://www.depind.com,"2/86, 7th Avenue, Ashok Nagar, Chennai, 600083",Real Estate / Construction,OpenStreetMap,"osm/node/6011857185 | Chennai, TN"
McKinsey & Company Chennai Knowledge Center,,,+914430647500,,https://www.mckinsey.com/knowledge-network/chennai,Chennai,Real Estate / Construction,OpenStreetMap,"osm/node/6535108760 | Chennai, TN"
Jacob Scientifics - Head Office,,,+91 44 2258 4161;+91 44 2258 4162,js@jacobscientifics.com,http://www.jacobscientifics.com,"5/389, Madipakkam Main Road, Chennai, 600091",Real Estate / Construction,OpenStreetMap,"osm/node/8669165872 | Chennai, TN"
Rits and Associates Chartered Accountants,,,49526946,ritsca2016@gmail.com,http://www.ritsca.com,"A1, Anna Nagar 2nd Avenue, Chennai, 600102",Real Estate / Construction,OpenStreetMap,"osm/node/8882544817 | Chennai, TN"
Shastra Cards Private Limited,,,091763 33222,,http://www.shastracards.com/,"4, Bazullah Road, T. Nagar, Chennai, 600017",Real Estate / Construction,OpenStreetMap,"osm/node/8967676339 | Chennai, TN"
Valeo India Private Limited,,,+91-44-7102 7300,,https://www.valeo.com,"63-1, CeeDeeYes IT Park, Rajiv Gandhi Salai, Chennai",Real Estate / Construction,OpenStreetMap,"osm/node/9591525122 | Chennai, TN"
Food Ingredient Specialities Private Limited,,,+91 04426531336,foodin@dataone.in,,"No. 90, Vanagaram - Ambattur Road, Ayanambakkam, Chennai, 600095",Real Estate / Construction,OpenStreetMap,"osm/node/10782259572 | Chennai, TN"
Full Creative,,,04442666652,,https://full.io/,"Floor 1, Ascendas Phase 1 ( Pinnacale ), International Tech Park, Ascendas, Phase 1, 1st Floor, Pinnacle Building, CSIR Rd, Tharamani, Chennai, 600113",Real Estate / Construction,OpenStreetMap,"osm/node/12758298442 | Chennai, TN"
ZeQube Technologies,,,09600112861,support@zeqube.com,http://zeqube.com,"185, 1st Main Road, Chennai, 600096",Real Estate / Construction,OpenStreetMap,"osm/node/12841106501 | Chennai, TN"
Laptop Spa,,,04443523331,,,"244/2b, Anna Nagar West Extension, Chennai, 600101",Real Estate / Construction,OpenStreetMap,"osm/node/12841106502 | Chennai, TN"
Sutherland Global Services,,,+91-98406 75144,,https://www.sutherlandglobal.com/,"Grand Southern Trunk Road, Chennai",Real Estate / Construction,OpenStreetMap,"osm/node/13011503802 | Chennai, TN"
LeBlanc Interior,,,+918072630833,,https://www.leblancinterior.com/,"5/80A, Ponni Amman Koil Main Rd, Chennai, 600129",Real Estate / Construction,OpenStreetMap,"osm/node/13068327311 | Chennai, TN"
WidEva Systems Pvt Ltd,,,+91 9176267976,,https://www.wideva.com,"76, Bazaar Street, Kunrathur, Chennai, 600069",Real Estate / Construction,OpenStreetMap,"osm/way/838222715 | Chennai, TN"
"J&F India Private Limited, Radiance Towers",,,+914449004800,,https://www.jf.ag/en,"3rd Floor, Old No.110, New No.111,, 33 Feet Road, Anna Salai, Guindy, Chennai, 600032",Real Estate / Construction,OpenStreetMap,"osm/way/993020295 | Chennai, TN"
Iss relocations,,,+91 44 4203 1882;+91 98848 27496;+971 4 234 8100,India@iss-relocations.com,https://iss-relocations.com/,Chennai,Logistics / Transport,OpenStreetMap,"osm/node/11042181462 | Chennai, TN"
Visionation Property Care,,,044 6555 6333,info@visionation.in,https://www.visionation.in/,"77, Montieth Road, Egmore, 600008",Real Estate / Construction,OpenStreetMap,"osm/node/2564083944 | Chennai, TN"
Sree Vinayaga Builders,,,9840224047,,,"4/7, Sree Vinayaga flats, 27th Street, Chennai, 600061",Real Estate / Construction,OpenStreetMap,"osm/node/11124692769 | Chennai, TN"
Dura Housing,,,+919444939804,,https://durahousing.com,"S1, Second Floor, Dura Complex, 106/4B, A. N. Elumalai Salai, Iyyapanthangal, Chennai, 600056",Real Estate / Construction,OpenStreetMap,"osm/node/12892124996 | Chennai, TN"
Roots Industries India Ltd,,,+914224330330,,https://www.rootsindia.com/,"Sanganur Road, Coimbatore, 641006",Manufacturing / Textile,OpenStreetMap,"osm/way/252108247 | Coimbatore, TN"
SriVaru Motors (SVM),,,+91-8098202030,,http://srivarumotors.com/,"224/2, Nagaiyan Thottam Road, Kannampalayam, 641402",Manufacturing / Textile,OpenStreetMap,"osm/way/1137969362 | Coimbatore, TN"
Kasadara Technology Solutions Pvt Ltd,,,+91994467585,info@kasadaratech.com,https://www.kasadara.com,"25, Avinashi Road, Coimbatore, 641014",Logistics / Transport,OpenStreetMap,"osm/node/9881512548 | Coimbatore, TN"
RVS Land Surveyors,,,04224212672,helpdesk@rvsls.com,https://www.rvslandsurveyors.com/,"29 Palani Illam, Sundaram Brothers Layout, Coimbatore, 641045",Logistics / Transport,OpenStreetMap,"osm/node/10981917436 | Coimbatore, TN"
Sanrad Infotech,,,08848752625;08848712625;08590752625;04223570334;04223510842,mail@sanradinfotech.com,https://sanradinfotech.com,"No.80/11 & 12, Arts College Road, Coimbatore, 641044",Logistics / Transport,OpenStreetMap,"osm/node/13564896001 | Coimbatore, TN"
Bannari Amman Sugars Limitted,,,+91 422 2302277,bascbe@bannari.com,http://www.bannari.com/sugar.html,"1212, Tiruchi Road, Coimbatore, 641018",Logistics / Transport,OpenStreetMap,"osm/way/510960941 | Coimbatore, TN"
Exowide,,,+91422 4973690,info@exowide.com,http://exowide.com,"227/1, NSR Road, coimbatore, 641011",Logistics / Transport,OpenStreetMap,"osm/way/1241449648 | Coimbatore, TN"
BM Hospital,,,044-22670277,,https://bmhospitals.com/,"5th Main Road, Chennai",Pharma / Healthcare,OpenStreetMap,"osm/node/310910945 | Chennai, TN"
MIOT International,,,044 4200 2288,enq@miothospitals.com,https://www.miotinternational.com/,"4/112, Mount Poonamalle High Rd, Sathya Nagar, Manapakkam, Chennai, Tamil Nadu 600089, Chennai, 600089",Pharma / Healthcare,OpenStreetMap,"osm/node/364650995 | Chennai, TN"
Rajan Eye Care Hospital,,,2834 0500/0300,rajaneye@vsnl.com,https://rajaneyecare.com/,"5, Vidyodaya 2nd Cross Street, Chennai, 600017",Pharma / Healthcare,OpenStreetMap,"osm/node/1152858038 | Chennai, TN"
Dr. S. G. Rajarathinam Hospital,,,+914222236730,,https://dr-sg-rajarathnam-hospital.business.site/,"Coimbatore, 641009",Pharma / Healthcare,OpenStreetMap,"osm/node/330070077 | Coimbatore, TN"
Karpagam Faculty Of Medical Sciences And Research,,,"0422-6464433, 6452888",,https://kfmsr.in/,"Karpagam College Road, Othakkalmandapam, Coimbatore, 641032",Pharma / Healthcare,OpenStreetMap,"osm/node/4285718048 | Coimbatore, TN"
Aravind Eye Hospital (City Centre),,,91-422-2540400,,,"Cowley Brown Rd, Coimbatore, 641002",Pharma / Healthcare,OpenStreetMap,"osm/node/4315800697 | Coimbatore, TN"
"Sri Lakshmi Hospital, Coimbatore",,,+914222644133,,https://www.smch.in/,"Coimbatore, 641027",Pharma / Healthcare,OpenStreetMap,"osm/node/4426171975 | Coimbatore, TN"
Eye Trust Hospital,,,0422-4366927,,,"80, Sivananda Colony Main Road, Coimbatore, 641012",Pharma / Healthcare,OpenStreetMap,"osm/node/5774631561 | Coimbatore, TN"
KG Hospital Blood Bank,,,04222212121; 04222212129,,,"Coimbatore, 641018",Pharma / Healthcare,OpenStreetMap,"osm/node/6886497248 | Coimbatore, TN"
PSG Hospital Blood Bank,,,4222570170,pathology@psgimsr.ac.in,https://www.psghospitals.com/,"Coimbatore, 641004",Pharma / Healthcare,OpenStreetMap,"osm/node/6886497264 | Coimbatore, TN"
Clarity Imaging Centre,,,+91-422-2234848,claritymri@gmail.com,clarityimaging.net,"78, Gokale Street, Coimbatore",Pharma / Healthcare,OpenStreetMap,"osm/node/4185045390 | Coimbatore, TN"
Microbiological Laboratory,,,+91-422-4342018,,https://microlabindia.com/,"1, Maruthamalai Road, Coimbatore",Pharma / Healthcare,OpenStreetMap,"osm/node/4203547389 | Coimbatore, TN"
Acupuncture Home,,,9894728979,sreerasa@gmail.com,,"1/150, Nachi Angannan Thevar Street, Coimbatore, 641045",Pharma / Healthcare,OpenStreetMap,"osm/node/4338438493 | Coimbatore, TN"
S.M. Motors,,,98411 39434,,,"No. 6/13, S.V. Chidambaram Salai, Jafferkhanpet, Ashok Nagar, Pari Nagar, Saidapet, Chennai, Tamil Nadu 600083, Chennai",Automobile,OpenStreetMap,"osm/node/8108595061 | Chennai, TN"
Sakthi Cars,,,+91 99419 89222,,https://www.sakthicars.com,"265/3, Inner Ring Road, Chennai, 600091",Automobile,OpenStreetMap,"osm/node/8653966784 | Chennai, TN"
Mercedes-Benz Titanium Motors,,,08190810000,,https://www.titaniummotors.mercedes-benz.co.in/,"199, Anna Salai (Mount Road), Chennai, 600002",Automobile,OpenStreetMap,"osm/node/10269875505 | Chennai, TN"
Circuits 99,,,09626196261,,https://www.circuits99.co.in/,"24, Besant Avenue Road, Chennai, 600020",Automobile,OpenStreetMap,"osm/node/10296780878 | Chennai, TN"
Praanav Cars,,,+91 81442 88818;+91 98845 50046;+91 91767 13740,,,Chennai,Automobile,OpenStreetMap,"osm/way/926299900 | Chennai, TN"
Capital Honda,,,+919884090001,,https://www.capitalhonda.in/,"18, Grand Southern Trunk Road, Meenambakkam, Chennai, 600027",Automobile,OpenStreetMap,"osm/way/1169590846 | Chennai, TN"
Qmax Test Equipments Private Limited,,,+91 44 24509627,,https://www.qmaxtest.com/,"6, Elcot Avenue, Sholinganallur, Chennai, 600119",Media / Events,OpenStreetMap,"osm/node/3704226008 | Chennai, TN"
King marine services,,,04442077979,kingmarine2011@gmail.com,,"80/72, Moore Street, Chennai, 600001",Media / Events,OpenStreetMap,"osm/node/4415983490 | Chennai, TN"
Ramani Nissan,,,+ 91 - 422 - 2668941,service@ramaninissan.co.in,,"176/2,, Sathyamangalam Road, Saravanampatty,Coimbatore, Coimbatore, -641 035",Automobile,OpenStreetMap,"osm/way/133738080 | Coimbatore, TN"
Leo Packers and Movers Coimbatore,,,91 08088001122,info@leopackersandmovers.com,https://leopackersandmovers.com,"1/438 Avinashi Road, Chinniyampalyam(PO), Coimbatore - 641062, Tamil Nadu, Coimbatore",Media / Events,OpenStreetMap,"osm/node/10072873828 | Coimbatore, TN"
